"","S39","S40","S41","S57","S58","S59","S66","S67","S68","S48","S49","S50"
"A[C>A]A",113,201,198,273,182,322,225,315,128,210,123,240
"A[C>A]C",25,158,181,290,188,315,60,94,53,239,125,255
"A[C>A]G",9,77,44,47,29,85,39,18,30,61,63,53
"A[C>A]T",128,162,134,201,136,234,162,223,111,154,96,175
"C[C>A]A",253,322,227,534,298,438,266,332,128,221,115,347
"C[C>A]C",104,104,72,265,142,187,186,255,101,125,51,151
"C[C>A]G",33,74,34,75,27,72,29,90,0,8,18,79
"C[C>A]T",109,312,229,565,294,502,276,426,231,340,104,462
"G[C>A]A",96,138,114,194,118,220,154,167,74,140,87,203
"G[C>A]C",84,100,110,79,61,165,109,138,84,159,64,123
"G[C>A]G",0,47,19,44,38,54,10,9,0,38,12,39
"G[C>A]T",256,434,349,508,365,586,307,253,138,401,321,493
"T[C>A]A",305,722,483,1080,291,981,566,693,685,470,263,992
"T[C>A]C",133,276,216,245,178,301,226,265,134,145,242,278
"T[C>A]G",17,32,15,58,20,55,23,30,32,39,31,65
"T[C>A]T",161,275,229,336,199,281,321,348,220,217,98,284
"A[C>G]A",88,121,148,206,128,211,102,142,153,107,25,132
"A[C>G]C",42,151,146,186,166,150,97,40,18,105,113,192
"A[C>G]G",34,29,13,40,26,57,0,23,30,35,32,46
"A[C>G]T",97,101,87,168,99,171,86,94,85,104,47,140
"C[C>G]A",210,131,174,525,255,403,205,211,189,176,131,440
"C[C>G]C",30,95,42,78,53,118,33,79,52,83,66,91
"C[C>G]G",0,0,16,25,10,41,0,5,5,20,0,17
"C[C>G]T",118,199,152,383,169,305,158,127,202,237,95,400
"G[C>G]A",41,76,87,140,92,132,132,111,94,51,50,130
"G[C>G]C",34,54,59,84,77,118,56,63,50,67,67,68
"G[C>G]G",6,23,33,7,31,29,23,33,16,19,1,17
"G[C>G]T",18,27,20,100,54,84,64,70,49,54,0,68
"T[C>G]A",255,473,369,897,451,716,297,492,457,406,188,764
"T[C>G]C",43,118,156,233,150,196,134,124,62,156,186,196
"T[C>G]G",62,119,52,194,48,156,125,102,127,102,55,197
"T[C>G]T",66,161,82,295,149,293,143,212,151,119,95,270
"A[C>T]A",228,475,298,522,274,571,260,338,228,474,297,575
"A[C>T]C",135,241,149,265,221,407,238,239,133,263,206,340
"A[C>T]G",163,312,233,403,211,434,198,232,146,284,204,289
"A[C>T]T",142,265,204,411,211,412,199,203,149,368,224,377
"C[C>T]A",242,473,403,695,367,706,313,340,245,467,273,595
"C[C>T]C",60,227,147,219,181,280,187,219,105,213,157,224
"C[C>T]G",135,374,194,365,212,483,136,239,129,256,230,328
"C[C>T]T",129,376,263,472,265,458,278,347,268,325,233,505
"G[C>T]A",179,220,293,423,238,336,200,233,97,345,190,350
"G[C>T]C",97,227,444,334,229,484,181,339,206,470,194,245
"G[C>T]G",107,233,177,308,133,371,129,178,97,279,185,242
"G[C>T]T",196,220,250,294,167,291,181,191,108,212,172,304
"T[C>T]A",385,801,321,1047,493,1010,574,704,571,615,281,1053
"T[C>T]C",98,297,225,261,170,369,191,180,55,347,245,417
"T[C>T]G",83,253,125,216,163,310,123,194,138,175,66,210
"T[C>T]T",124,344,242,416,222,456,219,328,236,316,207,508
"A[T>A]A",80,203,145,244,107,241,153,136,132,125,47,245
"A[T>A]C",31,142,216,262,225,289,125,95,55,242,234,300
"A[T>A]G",48,150,119,240,103,185,57,121,48,93,89,209
"A[T>A]T",182,171,240,353,206,339,242,300,226,251,219,356
"C[T>A]A",129,213,125,359,211,314,128,301,178,174,169,366
"C[T>A]C",78,103,49,128,39,147,116,106,70,116,80,124
"C[T>A]G",169,213,165,304,145,324,191,255,162,233,163,365
"C[T>A]T",218,257,141,557,199,446,256,254,248,245,175,480
"G[T>A]A",47,129,133,140,48,162,76,56,15,149,101,138
"G[T>A]C",50,25,36,55,77,106,76,69,67,35,35,64
"G[T>A]G",1,110,85,96,29,134,88,73,50,102,49,123
"G[T>A]T",92,127,126,211,174,316,156,110,142,236,166,207
"T[T>A]A",280,316,193,675,319,645,254,346,372,291,189,589
"T[T>A]C",109,327,225,399,298,478,236,176,180,307,347,472
"T[T>A]G",162,248,131,420,180,393,166,162,169,210,88,346
"T[T>A]T",164,293,278,425,192,426,292,278,302,248,249,437
"A[T>C]A",152,295,190,510,237,471,191,343,194,244,130,432
"A[T>C]C",46,165,296,287,241,324,279,247,102,218,93,315
"A[T>C]G",143,267,230,406,203,365,179,248,132,234,91,315
"A[T>C]T",111,341,270,488,268,452,333,317,222,352,149,490
"C[T>C]A",107,287,246,461,185,502,258,221,193,333,155,426
"C[T>C]C",0,62,156,208,224,272,80,96,0,149,0,199
"C[T>C]G",66,217,220,537,320,523,166,277,162,289,156,538
"C[T>C]T",63,177,239,351,228,451,204,264,88,222,103,315
"G[T>C]A",56,260,212,234,186,362,232,175,106,218,162,318
"G[T>C]C",0,67,130,179,180,214,135,150,0,119,12,101
"G[T>C]G",47,179,63,205,104,260,98,155,52,135,115,219
"G[T>C]T",48,244,150,298,212,431,174,157,66,272,200,352
"T[T>C]A",259,458,488,925,416,765,426,574,323,402,233,875
"T[T>C]C",106,146,212,246,239,388,312,278,71,296,23,319
"T[T>C]G",104,216,146,411,263,444,226,346,209,319,95,457
"T[T>C]T",180,590,518,790,493,772,432,499,140,466,278,682
"A[T>G]A",43,158,120,167,97,188,86,101,86,84,85,213
"A[T>G]C",34,66,120,191,94,156,90,79,113,167,69,142
"A[T>G]G",44,58,39,128,29,142,97,56,73,0,0,72
"A[T>G]T",102,149,105,240,103,271,112,118,170,143,70,203
"C[T>G]A",53,95,66,389,247,267,149,153,165,195,106,317
"C[T>G]C",43,83,69,125,71,110,85,66,67,114,61,111
"C[T>G]G",78,123,90,158,67,218,52,105,96,131,104,169
"C[T>G]T",106,219,144,433,192,380,184,160,257,214,117,413
"G[T>G]A",48,137,115,132,109,177,65,34,48,90,95,125
"G[T>G]C",10,88,45,99,37,94,93,57,38,66,77,115
"G[T>G]G",32,75,82,125,90,106,31,76,18,67,55,109
"G[T>G]T",13,80,71,99,33,129,107,95,86,70,52,155
"T[T>G]A",232,374,182,602,242,534,211,347,368,321,176,663
"T[T>G]C",14,255,226,351,233,366,95,74,131,250,195,411
"T[T>G]G",2361,3437,2016,7116,2662,5780,2374,3222,3626,3085,1732,5979
"T[T>G]T",205,262,203,424,214,412,130,176,257,178,130,379
