"","S42","S43","S44","S60","S61","S62","S69","S70","S71","S51","S52","S53"
"A[C>A]A",131,192,242,151,134,0,229,232,253,185,167,189
"A[C>A]C",71,98,233,202,82,59,105,272,264,49,95,98
"A[C>A]G",45,18,61,32,35,22,78,2,50,20,28,34
"A[C>A]T",90,107,185,158,176,7,212,149,217,74,149,99
"C[C>A]A",387,411,507,339,268,0,439,231,403,194,261,199
"C[C>A]C",130,254,214,115,86,0,164,112,216,56,147,146
"C[C>A]G",54,71,114,26,20,0,63,64,76,0,58,12
"C[C>A]T",390,421,506,333,274,0,405,392,540,249,321,317
"G[C>A]A",145,146,163,112,59,0,138,170,149,87,120,103
"G[C>A]C",111,122,95,84,106,2,79,124,109,35,97,44
"G[C>A]G",47,50,24,22,5,0,33,16,59,29,0,0
"G[C>A]T",305,291,362,222,174,65,315,483,477,44,176,191
"T[C>A]A",504,839,918,790,642,53,921,669,906,491,613,598
"T[C>A]C",217,264,224,173,111,0,263,240,311,73,147,71
"T[C>A]G",42,61,50,26,37,1,64,58,46,0,21,15
"T[C>A]T",223,260,347,314,263,13,494,284,414,189,287,216
"A[C>G]A",94,131,111,132,86,54,200,99,188,75,87,46
"A[C>G]C",114,121,120,116,92,48,121,160,171,13,87,113
"A[C>G]G",50,37,33,33,12,0,50,26,36,0,10,0
"A[C>G]T",105,116,116,131,100,22,164,109,146,27,67,48
"C[C>G]A",259,324,304,341,251,39,462,208,371,119,192,167
"C[C>G]C",64,63,126,78,95,40,129,75,91,62,67,30
"C[C>G]G",0,15,15,17,0,0,15,18,17,4,18,4
"C[C>G]T",183,226,269,263,189,96,333,249,258,159,285,166
"G[C>G]A",99,103,99,83,86,31,146,86,141,0,44,51
"G[C>G]C",97,64,81,60,57,27,135,60,71,0,53,52
"G[C>G]G",25,18,28,12,14,0,15,15,27,0,0,0
"G[C>G]T",40,55,64,76,56,47,91,45,78,7,50,24
"T[C>G]A",252,420,592,623,482,76,719,488,621,329,469,442
"T[C>G]C",45,111,152,56,71,23,193,184,197,35,132,56
"T[C>G]G",33,122,146,153,122,20,180,72,161,75,112,61
"T[C>G]T",110,192,238,251,181,37,305,145,253,86,123,156
"A[C>T]A",230,277,337,502,327,78,583,307,545,120,214,146
"A[C>T]C",124,234,275,278,188,80,266,265,346,79,163,84
"A[C>T]G",123,261,318,382,264,22,444,265,416,172,142,66
"A[C>T]T",180,265,279,337,216,37,409,263,384,111,126,126
"C[C>T]A",322,358,461,601,441,39,609,423,742,234,321,277
"C[C>T]C",145,144,155,202,130,7,273,218,323,106,82,56
"C[C>T]G",190,180,192,287,219,9,340,274,454,110,121,59
"C[C>T]T",216,234,387,354,247,38,394,300,436,85,165,93
"G[C>T]A",121,210,248,220,226,127,343,182,352,85,199,108
"G[C>T]C",36,0,161,331,96,223,351,429,425,113,119,30
"G[C>T]G",103,154,224,202,129,22,280,234,320,28,104,68
"G[C>T]T",123,98,223,239,184,49,271,266,325,96,79,77
"T[C>T]A",368,602,758,860,829,270,1151,702,894,307,638,486
"T[C>T]C",145,232,277,335,207,0,277,358,457,161,191,150
"T[C>T]G",116,167,159,249,172,21,221,203,292,44,115,54
"T[C>T]T",243,316,481,370,269,0,531,404,498,102,315,204
"A[T>A]A",130,155,206,169,126,44,263,85,273,99,125,93
"A[T>A]C",117,118,138,179,51,85,209,235,294,26,131,95
"A[T>A]G",102,108,98,141,128,64,180,77,173,53,101,67
"A[T>A]T",209,288,340,362,355,89,428,246,270,201,273,281
"C[T>A]A",108,263,332,292,272,26,364,274,360,91,167,124
"C[T>A]C",117,107,60,99,98,5,131,128,114,30,83,74
"C[T>A]G",131,214,298,251,193,48,356,228,302,176,270,230
"C[T>A]T",223,305,334,280,275,19,436,250,360,154,259,300
"G[T>A]A",105,120,132,106,22,26,96,117,122,0,61,77
"G[T>A]C",53,72,66,43,52,27,71,52,68,16,61,21
"G[T>A]G",45,128,96,113,70,18,108,111,110,36,73,49
"G[T>A]T",55,82,146,211,77,37,161,235,204,73,146,140
"T[T>A]A",274,366,462,515,383,35,634,308,522,184,352,195
"T[T>A]C",244,260,293,329,118,33,323,429,359,158,281,132
"T[T>A]G",171,282,295,262,149,0,338,195,347,96,186,183
"T[T>A]T",236,341,333,387,254,100,459,235,312,182,286,207
"A[T>C]A",218,288,333,425,266,74,599,262,426,135,188,116
"A[T>C]C",111,132,176,170,98,83,277,147,299,0,101,34
"A[T>C]G",88,165,194,218,149,15,339,240,378,101,165,145
"A[T>C]T",173,281,313,361,242,79,534,254,496,151,223,160
"C[T>C]A",128,233,280,319,272,23,419,283,479,166,285,126
"C[T>C]C",106,59,44,72,64,103,279,0,226,0,7,0
"C[T>C]G",280,233,293,349,249,53,511,306,438,66,204,80
"C[T>C]T",68,178,199,259,138,0,471,164,366,15,76,0
"G[T>C]A",140,136,152,249,109,9,308,227,333,8,63,24
"G[T>C]C",0,56,72,102,0,33,156,52,183,0,32,0
"G[T>C]G",75,45,98,216,147,39,185,177,232,19,110,24
"G[T>C]T",127,102,225,300,122,45,305,281,395,5,139,91
"T[T>C]A",413,423,575,690,485,96,978,411,771,352,437,267
"T[T>C]C",227,195,265,270,162,133,263,129,219,0,132,51
"T[T>C]G",247,245,340,391,345,111,432,232,444,184,280,192
"T[T>C]T",315,434,553,482,406,99,770,418,785,192,437,180
"A[T>G]A",100,154,169,154,95,21,206,92,159,75,66,112
"A[T>G]C",29,72,100,103,78,47,138,90,97,0,122,34
"A[T>G]G",75,96,96,54,32,0,125,53,125,64,71,30
"A[T>G]T",154,174,197,172,149,84,228,120,218,96,181,111
"C[T>G]A",161,200,277,250,230,42,377,172,361,104,165,131
"C[T>G]C",82,74,96,51,84,0,60,94,86,27,70,72
"C[T>G]G",17,48,62,39,26,0,187,150,130,80,139,160
"C[T>G]T",149,278,225,296,270,45,433,211,362,122,283,205
"G[T>G]A",28,117,134,148,11,50,105,152,200,0,66,91
"G[T>G]C",33,49,53,70,25,18,70,31,88,32,32,61
"G[T>G]G",46,56,15,34,32,6,74,38,94,28,74,36
"G[T>G]T",64,100,101,77,83,12,117,55,122,7,47,48
"T[T>G]A",311,461,514,542,390,60,687,287,541,235,348,257
"T[T>G]C",156,214,254,335,165,31,310,259,334,98,215,160
"T[T>G]G",2419,4011,4726,5079,4299,516,6492,3537,5350,2345,3814,2727
"T[T>G]T",207,332,367,353,236,51,407,300,400,119,253,236
