"","S110","S123","S68","S57","S22","S104","S98","S46","S140","S42","S107","S23","S144","S48","S55","S119","S89","S92","S40","S127","S11","S77","S135","S142","S25","S131","S15","S120","S109","S133","S122","S71","S94","S96","S95","S18","S76","S32","S70","S52","S62","S37","S130","S74","S59","S35","S38","S85","S114","S3","S73","S54","S61","S112","S129","S67","S111","S64","S56","S41","S19","S84","S9","S116","S43","S4","S126","S105","S20","S34","S141","S60"
"A[C>A]A",23,0,0,0,0,0,10,5,0,0,0,0,0,0,15,0,19,19,0,0,0,2,4,3,68,0,0,0,0,58,0,19,0,0,0,19,23,0,28,0,0,0,2,3,27,0,0,28,15,27,43,0,2,15,0,0,3,0,0,1,0,0,0,0,0,28,31,12,0,28,10,0
"A[C>A]C",0,3,0,16,0,0,0,0,0,47,0,11,0,0,0,1,0,8,0,0,0,36,0,0,32,0,0,0,0,0,0,0,0,0,0,0,0,0,0,0,0,0,6,0,0,0,0,44,10,3,0,0,0,14,29,0,46,7,0,0,0,0,0,0,0,8,0,0,28,16,35,12
"A[C>A]G",7,0,2,0,0,3,0,0,2,6,0,0,0,0,0,0,9,0,0,3,0,0,0,0,9,0,0,0,0,0,0,0,0,0,0,0,0,0,4,0,0,0,0,0,0,0,2,0,0,0,0,1,0,0,6,0,0,0,0,0,0,2,0,0,0,0,0,0,0,0,0,0
"A[C>A]T",0,0,0,0,7,12,19,12,0,23,0,5,0,4,11,16,25,0,0,0,0,0,0,0,65,0,6,0,0,23,11,0,0,0,3,10,3,0,0,0,0,4,11,0,0,0,0,6,20,19,3,0,16,30,0,3,0,0,0,8,0,0,0,0,0,16,3,0,2,0,11,14
"C[C>A]A",0,0,0,5,0,0,0,0,0,0,0,0,0,0,0,0,0,0,0,0,0,0,0,0,11,0,0,0,0,0,0,0,0,0,0,0,16,0,37,4,0,0,0,0,0,0,0,0,0,0,60,0,0,0,0,6,0,11,0,0,0,0,0,0,0,15,0,0,0,4,0,0
"C[C>A]C",12,0,0,0,24,0,0,0,0,0,4,0,8,0,14,11,0,0,0,5,29,3,4,0,24,0,0,0,0,16,0,0,0,0,71,7,0,0,33,0,1,0,50,5,0,0,0,0,0,0,196,0,0,0,0,0,0,13,0,0,0,0,0,17,0,6,0,0,6,0,0,0
"C[C>A]G",5,0,0,0,0,7,18,0,3,0,0,0,0,13,0,8,9,0,0,0,0,0,0,0,10,6,0,0,0,0,0,0,0,3,0,0,0,0,8,0,0,0,9,0,5,0,0,0,2,4,12,0,1,2,0,0,0,16,0,0,0,0,0,0,0,1,7,4,1,17,0,4
"C[C>A]T",0,0,0,0,10,0,0,18,0,0,0,0,0,0,31,0,0,0,0,0,0,0,0,0,10,0,0,0,0,15,0,0,0,0,0,0,34,0,22,0,1,20,17,0,28,0,0,0,3,20,214,0,0,8,0,0,0,21,0,0,0,0,0,0,5,0,0,0,2,0,28,24
"G[C>A]A",27,0,0,0,109,30,0,0,0,14,3,0,9,0,98,1,0,0,0,3,136,2,0,0,146,0,0,0,0,110,0,0,0,0,201,63,0,0,146,0,0,0,173,0,0,0,0,3,0,22,1186,0,0,6,15,0,12,0,0,0,0,0,0,0,0,10,13,0,0,0,15,0
"G[C>A]C",0,0,0,2,93,0,3,0,0,0,0,2,0,0,57,0,0,0,0,0,94,0,0,0,66,0,0,0,0,52,0,0,0,0,138,39,0,0,119,0,0,0,105,0,0,0,0,1,1,2,866,0,0,0,0,0,0,0,0,0,0,0,0,0,0,0,0,0,0,0,0,0
"G[C>A]G",9,5,0,0,23,5,11,2,0,7,2,2,10,0,23,0,0,5,0,0,50,3,0,0,33,0,0,0,5,28,0,0,0,0,52,14,0,0,56,0,0,0,37,13,0,0,0,0,3,2,283,0,0,5,1,12,5,0,0,0,0,2,0,0,0,7,1,0,0,6,16,6
"G[C>A]T",3,0,0,0,123,55,0,0,0,6,51,14,7,0,95,0,22,0,0,0,92,0,0,0,119,0,0,6,0,71,10,0,5,0,194,43,0,0,200,0,18,0,158,20,57,0,0,97,52,0,1316,0,0,40,91,0,14,5,0,0,0,31,0,2,0,22,3,0,88,80,1,9
"T[C>A]A",0,0,0,0,112,0,0,0,0,0,0,0,0,0,25,0,0,0,0,0,100,0,0,0,87,0,0,0,0,33,0,0,0,0,197,30,0,49,56,0,12,152,154,0,0,89,52,85,0,0,1054,0,0,42,26,0,11,0,155,0,0,0,220,0,7,0,0,0,0,0,0,0
"T[C>A]C",0,0,0,0,110,0,0,0,0,18,0,0,0,0,104,0,0,0,0,0,174,0,0,10,74,0,0,21,0,92,0,0,0,0,217,12,0,0,148,0,0,0,190,0,0,0,0,41,0,15,1178,0,0,41,0,21,42,31,0,0,0,0,0,0,0,0,0,0,0,0,21,25
"T[C>A]G",0,0,0,2,19,0,0,0,0,0,0,1,0,0,26,0,4,0,0,0,35,0,1,3,16,0,0,0,0,20,0,0,0,0,58,0,0,0,35,1,0,0,24,0,0,0,0,1,0,0,172,0,2,1,0,8,0,0,0,0,0,0,6,0,0,0,0,0,0,8,0,0
"T[C>A]T",0,0,0,19,127,0,0,0,0,0,0,11,0,0,84,0,0,0,0,0,106,19,0,0,120,0,16,0,0,90,0,0,0,0,133,61,3,0,144,0,14,19,122,0,10,0,0,0,0,0,983,0,1,0,0,0,0,18,0,0,0,0,0,0,0,10,10,0,0,0,0,0
"A[C>G]A",0,0,0,0,0,27,12,0,0,0,0,0,2,0,6,11,0,1,0,0,0,27,10,0,0,0,0,22,0,0,5,0,11,0,0,14,12,0,0,0,0,0,0,20,0,0,0,0,0,0,0,0,0,17,11,0,6,0,0,0,1,13,0,0,0,0,10,2,0,0,9,2
"A[C>G]C",0,0,0,0,4,0,7,0,21,30,0,0,6,5,0,0,0,0,0,0,0,8,26,0,0,0,0,8,0,0,0,0,0,0,0,0,0,0,0,0,0,0,14,26,4,0,0,59,0,19,0,11,0,51,0,31,29,0,0,0,38,16,0,0,0,0,2,0,0,0,13,12
"A[C>G]G",0,0,0,0,0,0,0,0,0,0,0,4,4,0,6,0,0,0,0,0,0,9,0,0,0,0,0,0,0,0,0,0,0,9,0,0,0,0,0,0,0,0,6,1,0,0,0,0,0,1,0,0,0,0,0,0,0,0,0,0,0,0,0,1,0,0,0,0,0,3,3,0
"A[C>G]T",0,0,1,0,0,0,7,2,0,0,0,0,0,0,0,0,1,0,0,0,0,0,0,3,0,0,0,0,0,0,0,0,0,0,0,0,0,0,0,0,0,0,0,0,0,0,0,0,0,0,0,0,15,0,0,0,0,0,0,0,0,0,0,15,0,4,0,0,0,0,0,0
"C[C>G]A",0,0,0,0,0,0,0,40,0,31,0,0,0,23,0,0,0,0,0,0,0,0,0,0,0,0,0,0,0,0,0,0,0,0,0,0,9,0,0,72,0,60,0,0,0,42,9,18,0,0,0,4,0,27,0,0,5,0,82,36,1,0,35,11,11,0,0,8,0,0,0,0
"C[C>G]C",0,0,0,0,0,0,4,0,0,17,2,0,0,1,0,0,0,0,0,0,0,0,0,0,0,0,0,4,0,0,0,0,0,2,0,0,0,6,0,0,0,0,0,0,7,5,11,2,0,0,0,0,0,0,13,0,7,0,3,2,12,1,0,0,0,5,0,11,0,4,0,0
"C[C>G]G",0,0,0,0,0,0,0,0,0,1,0,0,0,0,0,0,0,0,0,0,0,0,5,0,0,0,0,5,0,0,0,0,1,0,0,0,0,0,0,0,0,0,0,0,0,0,0,1,3,5,0,3,7,0,0,0,0,2,0,0,4,0,0,0,0,0,0,0,0,7,0,0
"C[C>G]T",0,0,0,0,0,0,0,0,0,7,0,9,0,11,0,0,0,0,13,7,0,0,0,0,0,0,0,0,0,0,0,0,0,0,0,0,1,28,0,21,0,8,0,0,0,28,10,0,0,0,0,2,17,21,0,0,0,0,39,3,0,14,3,0,8,0,0,0,0,0,0,24
"G[C>G]A",0,0,0,13,0,0,0,0,0,0,0,0,0,0,0,0,0,3,0,0,0,0,0,0,0,8,0,0,0,0,0,0,0,0,0,0,0,0,0,5,0,0,11,0,9,0,0,13,4,0,0,0,0,0,0,0,0,2,9,0,1,0,0,0,0,0,0,0,0,18,0,0
"G[C>G]C",0,0,0,16,0,30,0,0,9,0,12,0,0,0,0,0,0,18,0,0,0,3,8,0,0,11,0,0,0,0,1,0,0,0,0,0,1,0,5,0,0,0,0,25,17,0,0,0,20,0,0,14,2,0,0,0,0,0,0,0,6,7,0,0,0,0,0,8,13,9,0,5
"G[C>G]G",0,0,1,0,0,0,0,0,3,4,13,0,0,0,0,0,7,0,0,0,0,0,0,3,2,0,0,8,0,0,2,0,0,0,0,0,0,0,2,0,0,0,0,0,0,0,0,0,2,0,0,0,0,0,0,0,0,0,0,0,3,0,0,0,0,0,0,1,0,8,0,8
"G[C>G]T",13,0,0,0,0,0,4,0,4,0,0,0,0,0,0,0,0,2,0,0,0,0,0,0,0,0,0,0,0,0,0,0,0,0,0,0,0,0,0,0,0,0,0,0,0,0,0,7,0,0,0,10,0,0,0,0,0,0,0,0,0,0,0,0,0,0,0,0,0,3,0,0
"T[C>G]A",0,0,0,0,0,0,0,0,0,27,0,0,0,21,0,0,0,0,58,0,0,0,0,0,0,0,0,0,0,0,0,0,0,0,0,0,13,123,0,112,0,196,0,0,0,135,100,34,0,0,0,21,0,0,1,0,0,0,164,48,1,0,163,0,67,0,0,0,0,0,0,0
"T[C>G]C",2,0,0,0,0,0,0,0,0,20,0,3,12,0,8,1,0,0,0,0,0,56,0,0,0,0,0,0,0,0,0,0,0,0,0,0,0,0,0,0,0,0,0,0,11,0,0,0,15,0,0,0,0,28,0,0,10,0,0,0,0,0,0,14,0,0,0,0,3,15,0,9
"T[C>G]G",0,0,0,0,0,0,0,0,0,0,0,0,0,0,0,0,0,0,0,0,0,0,0,0,0,0,0,0,0,0,0,0,0,0,0,0,0,5,0,21,0,36,0,0,0,7,0,9,0,0,0,10,0,0,0,0,0,0,22,0,0,0,0,0,31,0,0,0,0,0,0,0
"T[C>G]T",0,0,0,0,0,0,13,0,0,24,0,0,9,0,0,0,0,0,0,0,0,0,0,0,0,0,0,0,0,0,0,0,0,0,0,0,0,20,2,0,0,53,0,9,0,18,15,0,0,0,0,0,7,6,9,0,12,0,12,0,0,0,1,0,3,0,0,0,0,1,0,0
"A[C>T]A",0,0,5,0,0,0,0,0,0,0,0,4,0,0,0,0,0,0,0,0,0,0,0,0,0,0,0,0,0,0,0,0,33,0,0,0,25,0,0,0,0,0,0,17,15,0,0,0,0,22,0,0,45,0,0,0,0,0,0,0,0,4,0,0,0,0,0,0,0,0,14,0
"A[C>T]C",13,15,0,0,0,45,0,19,2,0,21,0,0,0,0,10,7,0,0,0,0,0,0,9,0,0,0,0,0,0,0,0,0,0,0,0,0,0,0,0,48,0,0,31,0,0,0,9,0,0,0,0,0,0,0,0,0,0,0,0,0,0,0,0,0,0,4,0,71,0,27,0
"A[C>T]G",0,0,0,0,0,0,41,0,0,0,0,0,0,0,0,0,0,0,0,0,0,0,0,0,0,0,0,0,0,0,0,0,0,0,0,0,0,0,0,0,0,0,0,0,0,0,0,0,0,0,0,0,0,0,0,0,0,0,0,0,0,0,0,0,0,0,0,0,0,2,0,0
"A[C>T]T",0,0,12,0,0,0,0,0,0,0,0,0,32,0,0,0,0,18,0,0,0,0,0,0,0,0,0,0,0,0,0,0,0,0,0,0,46,0,0,0,0,0,0,0,0,0,0,2,0,0,0,0,10,0,0,0,0,0,0,0,0,0,0,0,0,0,0,5,0,0,8,0
"C[C>T]A",0,0,0,0,0,0,0,0,0,0,0,0,0,0,0,0,0,0,0,0,0,0,0,0,0,0,0,0,0,0,0,0,0,0,0,0,0,18,0,0,0,7,0,10,0,22,0,0,0,0,0,29,0,0,0,0,0,0,0,0,0,0,0,0,0,0,0,0,6,0,0,0
"C[C>T]C",14,0,14,6,22,14,24,0,28,0,14,13,21,0,22,0,0,48,0,0,0,0,30,0,0,0,0,0,13,0,26,14,0,21,4,0,32,0,0,0,0,0,0,40,53,0,0,0,22,35,0,22,29,0,0,31,0,0,0,0,0,41,0,0,0,36,0,12,33,54,2,5
"C[C>T]G",0,0,0,0,0,0,52,0,0,0,7,0,0,0,0,15,0,16,0,0,0,0,0,0,0,0,0,0,0,0,0,0,0,0,0,0,0,0,0,0,0,0,0,18,0,0,0,0,0,0,0,0,0,9,11,22,0,0,0,0,0,0,0,0,0,14,25,6,0,21,1,0
"C[C>T]T",0,0,64,0,0,0,0,0,0,0,0,0,0,0,0,0,0,0,0,0,0,0,0,0,0,0,0,0,0,0,0,0,0,0,0,0,57,0,0,0,0,0,0,3,7,0,0,0,13,35,0,0,0,0,0,20,0,0,0,0,0,0,0,0,0,0,0,0,0,0,0,0
"G[C>T]A",86,32,12,17,35,72,59,40,17,0,5,9,15,37,0,37,25,79,0,6,24,0,0,1,37,20,1,0,0,17,46,0,0,16,0,0,59,0,45,0,110,0,38,87,107,0,22,0,58,42,0,0,127,0,0,45,0,43,0,0,2,59,0,49,37,52,52,91,86,0,54,0
"G[C>T]C",196,206,134,100,108,225,114,154,226,0,130,35,209,18,59,207,138,129,0,63,127,0,94,100,77,176,0,0,0,0,136,118,57,121,44,13,105,75,106,13,203,0,43,262,222,0,43,0,184,168,0,123,169,0,0,149,0,89,0,146,76,163,0,0,106,162,172,168,174,0,262,0
"G[C>T]G",30,11,0,0,5,0,0,4,0,0,13,0,0,0,0,0,0,14,0,0,0,0,0,0,0,0,0,0,0,0,0,0,0,0,0,0,0,0,0,0,0,0,0,3,8,0,0,0,0,10,0,0,0,0,0,0,0,0,0,0,0,0,0,0,0,0,0,32,0,1,12,0
"G[C>T]T",68,38,36,38,39,70,72,39,47,0,23,9,8,7,38,40,28,51,0,41,0,0,22,28,0,45,0,0,0,0,46,29,5,29,0,0,86,7,31,0,89,0,51,61,50,0,7,0,72,50,0,24,61,0,0,69,0,14,0,1,0,38,0,14,0,50,57,66,26,0,89,0
"T[C>T]A",0,0,5,44,18,0,0,0,6,0,13,0,0,22,0,0,0,0,0,0,0,0,0,0,0,0,0,0,0,0,0,0,0,0,0,0,17,65,0,42,49,190,36,0,12,77,177,96,0,54,0,67,28,97,25,35,24,66,151,31,32,0,235,2,43,11,7,0,0,62,0,0
"T[C>T]C",0,16,0,0,0,13,0,0,6,0,24,0,0,0,0,0,12,15,0,0,0,0,0,0,0,0,0,0,0,0,0,0,0,31,0,0,56,0,37,0,0,0,17,37,32,0,0,0,53,8,0,0,29,0,0,32,0,33,0,0,0,10,0,0,0,13,0,4,0,11,33,0
"T[C>T]G",0,0,4,0,0,0,37,0,0,0,0,0,2,0,0,0,0,21,0,0,0,0,0,0,0,0,0,0,0,0,0,0,0,0,0,0,23,0,0,0,0,0,0,13,0,0,0,0,0,0,0,0,0,0,1,0,0,1,0,0,0,0,0,0,0,0,0,0,0,0,0,1
"T[C>T]T",0,0,0,0,52,0,0,0,33,0,0,0,0,0,0,0,0,53,0,0,0,9,0,9,0,0,0,0,0,1,18,0,0,1,0,0,86,10,7,0,0,9,0,0,0,0,0,4,25,15,0,0,21,4,0,22,26,1,0,0,0,0,0,0,0,0,0,0,0,0,0,34
"A[T>A]A",0,0,0,0,0,0,0,0,0,0,0,0,0,0,0,0,0,0,0,0,0,0,0,0,0,0,0,0,0,0,0,0,0,0,0,0,3,0,0,1,0,0,0,0,0,0,5,0,0,0,0,1,10,0,0,0,0,0,0,0,0,0,0,0,0,0,0,0,0,0,0,0
"A[T>A]C",0,0,0,0,0,0,17,8,15,21,26,0,23,0,0,0,13,0,0,4,0,10,0,0,0,12,18,16,0,6,0,0,0,0,0,0,0,0,0,0,8,0,24,7,35,0,0,82,20,0,0,17,0,60,30,10,54,17,0,0,0,0,0,19,0,0,0,0,10,0,0,17
"A[T>A]G",0,0,0,0,0,0,0,0,0,0,0,0,0,0,0,0,0,0,0,0,0,0,0,0,0,10,0,2,0,0,0,0,0,0,0,0,2,0,0,0,0,0,0,0,0,0,2,0,0,0,0,0,0,0,0,0,0,0,0,0,0,0,12,0,0,0,0,0,0,0,0,0
"A[T>A]T",0,0,0,0,0,10,0,6,25,0,0,22,1,9,5,0,0,10,0,23,0,3,0,0,0,0,12,0,0,0,12,0,0,0,0,11,13,12,7,5,5,18,12,14,16,0,28,27,18,0,0,0,31,15,31,0,0,0,33,2,16,6,35,27,0,0,0,6,2,0,0,11
"C[T>A]A",21,0,0,14,1,6,6,30,7,21,5,14,12,11,0,19,0,0,36,0,10,27,5,17,0,0,52,22,0,0,16,0,21,0,6,18,6,53,15,88,24,93,15,51,17,66,26,59,0,20,0,55,9,52,25,0,1,48,94,54,6,30,59,21,78,25,24,0,36,24,7,21
"C[T>A]C",0,0,0,0,0,0,0,0,0,0,0,0,0,0,0,0,0,0,0,0,0,0,0,0,0,0,0,0,4,0,0,0,0,0,0,0,0,0,0,0,1,0,0,0,0,0,0,0,0,0,0,0,0,0,0,0,0,0,0,0,0,0,0,3,0,0,20,8,0,0,0,0
"C[T>A]G",9,0,2,0,0,0,15,2,0,0,0,0,0,0,2,0,0,0,3,0,0,0,7,0,0,0,0,0,0,0,0,3,0,6,0,0,0,0,19,20,0,11,0,16,3,13,23,0,11,31,0,10,0,0,0,0,0,0,0,30,0,0,8,0,46,0,0,7,0,0,0,0
"C[T>A]T",0,0,0,0,0,0,0,0,0,0,0,0,0,33,0,0,0,0,0,0,0,0,0,0,0,0,0,0,0,0,0,0,0,0,0,0,0,96,0,98,12,128,0,0,0,151,69,5,0,0,0,28,0,0,0,0,0,0,72,0,0,16,78,44,65,0,0,0,0,11,0,0
"G[T>A]A",0,0,0,0,0,0,0,0,0,0,0,0,0,0,0,13,0,0,0,0,0,13,1,0,0,0,34,0,0,0,0,7,0,0,0,0,0,0,0,0,0,0,0,0,0,0,0,17,14,0,0,0,2,32,34,0,30,0,0,0,5,33,0,0,0,0,0,23,18,0,12,0
"G[T>A]C",0,6,30,0,0,7,0,0,0,0,6,0,0,0,0,0,11,0,0,6,0,8,0,0,0,6,0,0,1,0,0,1,0,0,0,0,10,0,0,0,0,0,0,2,12,0,0,9,1,6,0,0,6,6,0,0,0,1,0,0,0,3,0,7,0,0,0,24,0,0,7,8
"G[T>A]G",0,0,0,0,0,0,0,0,0,4,0,0,0,0,0,4,14,14,0,0,0,0,0,0,0,0,0,23,0,0,0,0,0,0,0,0,0,0,0,0,0,0,0,0,13,0,0,0,0,0,0,0,0,13,5,0,12,1,0,0,0,0,0,0,0,0,0,0,0,0,0,0
"G[T>A]T",0,0,0,20,0,0,0,0,0,7,0,7,0,0,0,0,0,0,0,0,0,0,0,0,0,0,0,0,0,0,0,0,0,0,0,0,0,0,0,0,0,0,0,0,7,0,0,0,0,5,0,0,0,20,17,0,33,0,0,0,0,0,0,0,0,0,0,0,0,0,0,0
"T[T>A]A",0,0,0,0,0,0,0,0,0,13,0,0,0,0,0,0,0,0,0,0,0,33,0,0,0,0,4,0,0,0,0,0,0,0,0,0,19,42,0,11,16,59,0,0,0,38,2,46,0,11,0,48,7,0,26,0,70,0,81,0,19,1,74,11,16,0,0,0,0,5,0,2
"T[T>A]C",0,0,0,0,0,0,0,0,0,85,0,17,0,0,0,0,0,0,0,0,0,23,0,0,0,0,19,24,0,0,0,0,0,0,0,0,0,0,0,0,84,0,0,19,18,0,0,95,0,0,0,0,0,43,4,0,71,0,0,0,0,0,0,45,0,0,0,0,23,20,0,2
"T[T>A]G",0,0,0,0,0,0,0,0,0,0,0,0,0,18,0,0,0,0,0,0,0,0,0,0,0,0,0,0,0,0,0,0,0,0,0,0,0,0,0,0,0,30,0,0,0,34,24,0,0,0,0,0,11,0,0,0,9,0,30,0,0,0,26,0,0,0,0,0,0,0,0,0
"T[T>A]T",0,0,0,15,0,0,0,0,9,0,0,0,0,0,0,0,0,0,0,0,0,0,0,0,0,0,0,0,0,0,0,0,0,0,0,0,0,12,0,0,0,21,0,0,0,0,0,30,20,0,0,5,6,0,11,0,36,9,0,0,24,0,28,0,0,0,0,0,0,0,3,0
"A[T>C]A",16,0,0,0,0,0,0,0,20,0,0,37,17,4,0,0,0,0,0,0,0,0,0,0,0,0,0,0,0,0,0,0,0,0,0,0,0,19,5,7,2,1,0,45,1,0,5,0,0,0,0,11,0,11,35,1,10,0,0,0,0,0,0,0,0,0,24,0,19,0,0,0
"A[T>C]C",0,21,0,0,0,0,0,0,0,36,0,0,0,0,0,0,17,0,0,0,0,0,0,0,0,0,0,0,0,0,0,0,0,0,0,0,0,0,0,0,0,0,0,44,0,0,0,35,0,0,0,0,16,45,2,0,16,3,0,0,0,16,0,27,0,12,31,48,0,0,0,23
"A[T>C]G",0,0,0,0,0,0,3,0,0,34,0,0,0,0,0,0,0,0,0,0,0,0,0,0,0,0,0,0,0,0,0,0,0,0,0,0,0,8,0,11,0,0,2,4,0,5,0,0,0,0,0,1,0,0,0,0,4,0,0,0,11,0,0,3,0,0,0,0,0,0,0,1
"A[T>C]T",12,28,53,0,0,36,22,19,9,42,0,0,38,0,0,67,0,13,0,0,0,26,3,0,0,0,0,15,5,0,0,0,0,0,5,0,0,28,17,2,0,8,0,25,0,0,9,0,30,0,0,26,0,52,0,0,35,25,48,0,18,0,46,37,0,14,0,35,39,0,49,20
"C[T>C]A",14,47,0,0,0,0,6,14,0,0,28,6,0,57,0,0,25,11,0,0,0,0,0,0,0,0,0,0,0,0,0,0,0,0,0,0,0,46,0,0,19,0,0,0,48,15,32,0,0,47,0,20,47,0,0,15,0,0,5,57,0,12,0,10,12,37,4,27,28,0,0,15
"C[T>C]C",0,0,0,0,0,0,49,0,0,0,0,0,0,0,0,0,34,0,0,0,0,0,0,0,0,0,0,0,1,0,0,3,0,8,0,0,0,0,44,0,0,0,0,0,0,0,0,0,0,65,0,0,16,0,0,36,0,0,0,0,0,0,0,0,0,48,80,27,3,26,0,0
"C[T>C]G",11,0,27,7,0,22,36,8,6,0,49,0,0,0,0,0,53,0,0,0,4,0,3,0,16,0,0,0,12,0,30,0,0,6,0,0,0,8,16,26,28,0,0,65,42,34,0,0,0,69,0,32,45,0,0,83,0,0,0,38,66,32,0,0,0,43,78,61,76,26,0,9
"C[T>C]T",0,26,0,0,0,0,17,0,0,0,5,0,0,0,0,0,25,0,0,0,0,0,0,0,0,0,0,0,0,0,0,0,0,0,0,0,0,0,0,0,0,0,0,0,0,0,0,0,4,0,0,0,0,0,15,6,0,0,0,0,0,0,0,0,0,0,0,0,0,17,0,0
"G[T>C]A",8,1,0,13,0,0,0,0,9,0,0,0,0,0,0,0,0,0,0,0,0,0,0,0,0,0,0,0,0,0,0,0,0,0,0,0,0,0,1,0,0,0,0,57,35,0,0,0,0,0,0,0,5,0,0,0,0,22,0,0,0,15,0,0,0,0,0,0,13,0,19,4
"G[T>C]C",0,0,12,0,0,0,2,0,6,0,0,0,0,0,0,0,11,30,0,0,0,0,6,0,0,0,0,0,5,0,0,0,0,5,0,0,0,0,0,0,0,0,23,28,4,0,0,0,22,0,0,0,0,0,0,7,0,0,0,0,0,0,0,0,0,0,27,38,10,0,3,20
"G[T>C]G",6,6,0,0,0,3,0,0,0,0,0,0,6,0,0,0,10,0,0,0,0,0,0,0,0,2,0,0,0,0,0,0,0,0,0,0,0,0,0,0,29,0,0,15,0,0,0,0,2,9,0,0,0,0,0,0,0,24,0,15,0,18,0,0,0,40,0,48,14,0,0,0
"G[T>C]T",0,0,0,0,0,0,0,0,0,4,0,0,0,0,0,0,4,0,0,0,0,0,0,0,0,0,0,0,0,0,0,0,0,0,0,0,0,0,0,0,39,0,16,0,0,0,0,0,0,0,0,0,0,0,41,0,0,0,0,0,0,0,0,18,0,0,0,0,0,0,17,12
"T[T>C]A",0,0,0,0,0,0,0,0,0,0,0,0,0,15,0,0,0,0,7,0,0,0,0,0,0,0,0,0,0,0,0,0,0,0,0,0,0,53,0,110,0,88,0,0,0,65,37,0,0,0,0,2,0,0,0,0,0,0,116,46,0,0,75,0,14,0,0,0,0,0,0,0
"T[T>C]C",39,0,18,0,0,0,2,0,27,0,0,0,0,0,0,0,0,0,0,14,0,0,0,1,0,0,0,0,0,0,0,0,0,0,0,0,0,0,0,0,0,0,0,25,0,0,0,0,0,0,0,0,4,5,0,0,0,0,0,0,0,0,0,0,0,8,2,26,0,0,0,0
"T[T>C]G",9,0,0,38,0,0,0,0,32,0,0,0,0,10,0,32,0,0,0,0,0,0,0,0,35,0,0,0,0,0,0,0,0,0,0,0,0,47,0,7,8,1,0,16,0,10,6,0,21,7,0,12,17,0,0,0,0,0,0,32,10,3,0,56,30,0,19,0,0,0,0,0
"T[T>C]T",1,9,0,0,0,0,0,0,0,0,0,0,0,0,0,0,0,0,0,1,0,0,0,0,0,0,0,0,0,0,0,0,0,0,0,0,0,0,0,0,4,0,0,3,0,0,0,0,0,0,0,0,0,0,0,0,0,0,0,0,0,0,0,0,0,0,3,0,0,0,0,0
"A[T>G]A",0,0,0,0,0,0,13,0,0,0,0,0,0,0,0,0,0,43,0,0,0,0,0,0,0,0,0,0,0,0,0,0,0,0,0,0,37,0,0,9,0,0,0,0,0,0,0,0,0,0,0,0,8,0,0,0,5,0,5,0,1,0,13,0,0,3,0,0,0,13,0,18
"A[T>G]C",0,0,0,0,0,0,0,3,0,0,0,0,0,0,0,0,0,0,0,0,0,0,0,0,0,0,0,0,0,0,0,0,0,0,0,0,0,0,0,0,0,0,0,0,0,0,0,12,6,0,0,0,0,28,16,0,15,0,0,0,0,0,0,4,0,0,0,0,0,0,0,0
"A[T>G]G",0,0,0,0,0,0,0,6,0,0,0,0,0,2,3,13,0,19,0,0,0,0,0,0,0,0,0,0,0,0,0,2,0,0,0,0,23,0,0,0,0,0,0,0,0,8,0,2,0,0,0,0,0,4,0,0,6,0,0,0,0,0,0,0,0,6,4,4,0,0,0,0
"A[T>G]T",0,0,0,0,0,0,1,0,0,0,0,0,2,0,0,0,12,20,0,0,0,0,0,0,0,0,10,0,0,0,0,0,0,0,0,13,56,0,0,15,0,25,0,0,0,8,20,0,0,0,0,0,8,0,0,2,0,0,10,0,0,0,0,0,0,5,0,0,0,0,0,0
"C[T>G]A",0,6,0,0,0,0,0,0,0,0,36,0,0,7,0,0,0,0,0,0,0,0,0,0,0,0,0,29,1,0,0,0,0,0,0,0,28,40,0,31,11,42,0,0,0,41,6,47,0,4,0,22,0,0,0,0,32,0,71,5,0,0,34,0,58,0,0,0,0,7,0,0
"C[T>G]C",0,0,0,0,0,0,5,8,0,5,0,2,11,5,0,12,0,0,2,0,0,0,0,9,0,0,0,0,0,1,7,4,0,0,0,5,0,19,0,25,9,7,6,12,0,9,8,12,14,3,0,12,0,11,23,0,0,3,11,0,6,0,0,12,1,0,0,0,4,0,5,10
"C[T>G]G",0,0,0,0,0,0,0,0,0,0,0,18,0,4,0,0,0,0,0,0,0,0,0,0,0,0,0,0,0,0,0,0,0,0,0,0,29,0,9,19,2,0,0,0,0,24,14,18,0,0,0,0,0,21,14,0,9,0,0,3,0,0,0,0,0,0,0,0,0,0,0,0
"C[T>G]T",0,0,0,0,0,0,0,0,0,0,0,26,0,55,0,0,0,0,0,0,0,0,0,0,0,0,0,0,0,0,0,0,0,0,0,0,39,41,0,106,0,70,4,0,0,64,50,0,0,0,0,0,23,26,0,5,0,0,42,50,0,17,32,0,55,0,0,0,0,0,0,0
"G[T>G]A",0,0,0,0,0,0,0,5,2,22,0,5,7,0,0,0,13,30,0,0,0,8,0,0,0,0,13,22,0,0,0,0,0,0,15,0,8,0,3,0,0,0,0,0,14,0,0,15,14,0,0,0,28,11,1,0,8,0,0,0,0,0,0,2,0,12,0,0,3,0,0,14
"G[T>G]C",8,5,4,0,0,5,8,0,0,0,3,15,0,0,0,8,22,12,0,0,0,15,0,0,0,0,0,0,0,0,8,0,0,0,0,0,2,0,0,0,0,0,10,14,23,0,0,0,20,0,0,0,8,11,0,0,0,4,0,4,3,0,0,19,0,0,0,0,12,0,8,0
"G[T>G]G",0,3,14,0,0,16,16,0,1,0,1,0,4,0,0,0,7,31,0,0,0,0,0,0,0,0,0,10,1,0,0,4,1,0,0,0,3,0,0,0,0,0,0,0,0,0,0,21,3,3,0,0,0,10,0,0,11,2,0,0,0,0,0,0,0,0,1,14,0,11,13,0
"G[T>G]T",0,0,0,0,0,0,0,0,0,0,0,0,0,7,9,1,4,4,0,0,0,0,0,7,0,0,2,0,0,4,0,0,0,0,0,0,12,0,0,0,0,0,0,6,0,0,3,0,21,0,0,0,0,8,0,0,6,0,0,0,10,0,0,5,0,32,0,5,0,0,0,3
"T[T>G]A",0,0,0,0,0,0,0,0,0,36,0,35,0,0,0,0,0,0,0,0,0,0,0,0,0,0,0,18,0,0,0,0,0,0,0,0,9,63,0,94,0,114,0,0,0,49,77,34,0,24,0,42,0,0,0,0,3,0,138,2,8,0,58,0,49,0,0,0,0,0,0,0
"T[T>G]C",0,4,0,3,0,3,0,21,0,48,0,18,2,11,0,0,0,3,0,0,3,44,0,9,0,0,24,11,0,0,0,0,0,8,0,0,11,0,0,0,14,0,5,0,0,0,0,50,53,0,0,9,0,62,54,0,61,0,0,0,14,26,0,50,0,0,10,0,0,1,0,4
"T[T>G]G",0,0,0,0,0,0,0,0,0,357,0,0,0,196,0,0,0,0,306,0,0,0,0,0,0,0,0,59,0,0,0,0,0,0,0,0,0,965,0,1157,0,1503,0,0,0,1068,943,487,0,0,0,431,0,502,138,0,256,0,1668,407,127,0,1308,0,801,0,0,0,0,0,0,0
"T[T>G]T",0,0,0,0,0,0,0,0,0,20,0,12,4,0,0,3,0,14,0,0,0,0,0,0,0,0,0,0,0,0,0,0,0,0,0,0,66,3,0,9,0,44,0,0,0,0,15,0,9,0,0,0,0,20,25,0,0,0,50,0,0,0,46,0,0,0,0,0,0,0,0,0
